ABERDEEN	/	ABERDEEN	/	SOUTHERN DISTRICT / ABERDEEN	/	ABERDEEN
ADMIRALTY	/	ADMIRALTY	/	CENTRAL & WESTERN DISTRICT / ADMIRATLY	/	ADMIRALTY
CHEK LAP KOK AIRPORT	/	AIRPORT AREA	/	ISLANDS DISTRICT / AIRPORT DISTRICT	/	CHEK LAP KOK
HK INTERNATIONAL AIRPORT
APLEICHAU	/		/		/	APLEICHAU
OTHERS - ASIA PACIFIC	/		/		/	ASIA PACIFIC
CAUSEWAY BAY	/	CAUSEWAY BAY	/	WANCHAI DISTRICT / CAUSEWAY BAY	/	CAUSEWAY BAY
CENTRAL & WESTERN DISTRICT	/	CENTRAL
CENTRAL & WESTERN AREA	/	CENTRAL & WESTERN DISTRICT / CENTRAL
CENTRAL & WESTERN DISTRICT / THE PEAK
CENTRAL & WESTERN DISTRICT	/	CENTRAL
WESTERN DISTRICT
CHAI WAN	/	CHAI WAN	/	EASTERN DISTRICT / CHAI WAN	/	CHAI WAN
CHEUNG CHAU AREA	/	CHEUNG CHAU AREA	/		/	
CHEUNG SHA WAN	/	CHEUNG SHA WAN	/	SHAM SHUI PO DISTRICT / CHEUNG SHA WAN	/	CHEUNG SHA WAN
OTHERS - CHINA	/	OTHERS - CHINA	/	CHINA
CHINA / CHINA
CHINA / DONGGUAN	/	CHINA
SHANGHAI
SHENZHEN
CHOI HUNG	/		/		/	CHOI HUNG
DIAMOND HILL	/		/		/	DIAMOND HILL
DISCOVERY BAY	/		/		/	DISCOVERY BAY
EASTERN DISTRICT	/	EASTERN AREA	/	EASTERN DISTRICT
EASTERN DISTRICT / FORTRESS HILL	/	EASTERN DISTRICT
FANLING	/	FANLING	/	NORTHERN DISTRICT / FANLING	/	
FO TAN	/		/	SHATIN DISTRICT / FO TAN	/	FOTAN
HAPPY VALLEY	/		/		/	HAPPY VALLEY
HOMANTIN	/		/		/	HOMANTIN
HONG KONG	/		/	HONG KONG / HONG KONG
HONG KONG	/	HONG KONG
HONG KONG ISLAND
HUNGHOM	/	HUNG HOM	/	KOWLOON CITY DISTRICT / HUNG HOM	/	HUNGHOM
JORDAN	/		/		/	JORDAN
KENNEDY TOWN	/		/		/	KENNEDY TOWN
KOWLOON	/		/		/	KOWLOON
KOWLOON BAY	/	KOWLOON BAY	/	KWUN TONG DISTRICT / KOWLOON BAY	/	KOWLOON BAY
KOWLOON CITY	/	KOWLOON CITY
KOWLOON CITY AREA	/	KOWLOON CITY DISTRICT / KOWLOON CITY
KOWLOON CITY DISTRICT	/	
KOWLOON TONG	/		/	KOWLOON CITY DISTRICT / KOWLOON TONG	/	KOWLOON TONG
KWAI CHUNG	/		/	KWAI TSING DISTRICT / KWAI CHUNG	/	KWAI CHUNG
KWAI FONG	/	KWAI FONG	/	KWAI TSING DISTRICT / KWAI FONG	/	KWAI FONG
KWAI HING	/	KWAI HING	/	KWAI TSING DISTRICT / KWAI HING	/	KWAI HING
KWAI TSING AREA	/	KWAI TSING AREA	/	KWAI TSING DISTRICT	/	
KWUN TONG	/	KWUN TONG
KWUN TONG AREA	/	KWUN TONG DISTRICT / KWUN TONG
KWUN TONG DISTRICT	/	KWUN TONG
LAI CHI KOK	/	LAI CHI KOK	/	SHAM SHUI PO DISTRICT / LAI CHI KOK	/	LAI CHI KOK
LANTAU ISLAND	/	LANTAU ISLAND	/		/	LANTAU
LOK FU	/		/		/	LOK FU
MA ON SHAN	/		/		/	MA ON SHAN
MACAU	/	OTHERS - MACAU	/		/	MACAU
MID LEVEL	/		/		/	MID LEVEL
MONGKOK	/	MONG KOK	/	YAU TSIM MONG DISTRICT / MONG KOK	/	MONGKOK
NEW TERRITORIES	/		/		/	NEW TERRITORIES
NGAU TAU KOK	/	NGAU TAU KOK	/	KWUN TONG DISTRICT / NGAU TAU KOK	/	NGAU TAU KOK
NORTH POINT	/	NORTH POINT	/	EASTERN DISTRICT / NORTH POINT	/	NORTH POINT
OUTLYING ISLANDS	/		/	ISLANDS DISTRICT	/	OUTLYING ISLANDS
NORTHERN NT AREA	/	NORTHERN NT AREA	/		/	
OVERSEAS	/	OVERSEAS	/	OVERSEAS / OVERSEAS	/	OVERSEAS
POK FU LAM	/		/		/	POKFULAM
PRINCE EDWARD	/		/		/	PRINCE EDWARD
QUARRY BAY	/	QUARRY BAY	/	EASTERN DISTRICT / QUARRY BAY	/	QUARRY BAY
SAI KUNG	/	SAI KUNG
SAI KUNG AREA	/	SAI KUNG DISTRICT / SAI KUNG	/	SAI KUNG
SAI WAN	/	SAI WAN	/	CENTRAL & WESTERN DISTRICT / SAI WAN	/	
SAI WAN HO	/	SAI WAN HO	/		/	SAI WAN HO
SAI YING PUN	/	SAI YING PUN	/	CENTRAL & WESTERN DISTRICT / SAI YING PUN	/	SAI YING PUN
SAN PO KONG	/		/	KOWLOON CITY DISTRICT / SAN PO KONG	/	SAN PO KONG
OVERSEAS - SAUDI ARABIA	/		/		/	SAUDI ARABIA
OVERSEAS - SEOUL	/	SEOUL	/		/	
SHAM SHUI PO	/	SHAM SHUI PO
SHAM SHUI PO AREA	/	SHAM SHUI PO DISTRICT / SHAM SHUI PO	/	SHAM SHUI PO
SHATIN	/	SHATIN AREA	/	SHATIN DISTRICT / SHATIN
SHATIN DISTRICT	/	SHATIN
SHAU KEI WAN	/	SHAU KEI WAN	/	EASTERN DISTRICT / SHAU KEI WAN	/	SHAU KEI WAN
SHEUNG SHUI	/	SHEUNG SHUI	/	NORTHERN DISTRICT / SHEUNG SHUI	/	
SHEUNG WAN	/	SHEUNG WAN	/	CENTRAL & WESTERN DISTRICT / SHEUNG WAN	/	SHEUNG WAN
OVERSEAS - SINGAPORE	/		/		/	SINGAPORE
SIU LEK YUEN	/		/		/	SIU LEK YUEN
SIU SAI WAN	/	SIU SAI WAN	/	EASTERN DISTRICT / SIU SAI WAN	/	SIU SAI WAN
SOUTHERN AREA	/	SOUTHERN AREA	/	SOUTHERN DISTRICT	/	
TAI KOK TSUI	/		/	YAU TSIM MONG DISTRICT / TAI KOK TSUI	/	TAI KOK TSUI
TAI KOO	/	TAI KOO	/	EASTERN DISTRICT / TAI KOO	/	
TAI PO	/	TAI PO AREA	/	TAI PO DISTRICT / TAI PO
TAI PO DISTRICT	/	TAI PO
TAI WAI	/		/	SHATIN DISTRICT / TAI WAI	/	TAI WAI
OTHERS - TAIPEI CITY	/	TAIPEI CITY	/		/	
TAIKOO SHING	/		/		/	TAIKOO SHING
TIN HAU	/	TIN HAU	/	EASTERN DISTRICT / TIN HAU	/	TIN HAU
TIN SHUI WAI	/	TIN SHUI WAI	/	YUEN LONG DISTRICT / TIN SHUI WAI	/	TIN SHUI WAI
TO KWA WAN	/	TO KWA WAN	/	KOWLOON CITY DISTRICT / TO KWA WAN	/	TOKWAWAN
TSEUNG KWAN O	/	TSEUNG KWAN O	/	SAI KUNG DISTRICT / TSEUNG KWAN O	/	TSEUNG KWAN O
TSIM SHA TSUI	/	TSIM SHA TSUI	/	YAU TSIM MONG DISTRICT / TSIM SHA TSUI	/	TSIMSHATSUI
TSIMSHATSUI EAST
TSING YI	/	TSING YI	/	KWAI TSING DISTRICT / TSING YI	/	TSING YI
TSUEN WAN	/	TSUEN WAN AREA	/	TSUEN WAN DISTRICT / TSUEN WAN
TSUEN WAN DISTRICT	/	TSUEN WAN
TUEN MUN	/	TUEN MUN AREA	/	TUEN MUN DISTRICT / TUEN MUN	/	TUEN MUN
TUNG CHUNG	/	TUNG CHUNG	/		/	TUNG CHUNG
OVERSEAS - VIET NAM	/		/		/	VIET NAM
WANCHAI	/	WAN CHAI
WAN CHAI AREA	/	WANCHAI DISTRICT / WAN CHAI
WANCHAI DISTRICT	/	WANCHAI
WONG CHUK HANG	/		/	SOUTHERN DISTRICT / WONG CHUK HANG	/	WONG CHUK HANG
WONG TAI SIN	/	WONG TAI SIN AREA	/	WONG TAI SIN DISTRICT
WONG TAI SIN DISTRICT / WONG TAI SIN	/	WONG TAI SIN
YAU TONG	/		/		/	YAU TONG
YAU MA TEI	/	YAU MA TEI	/	YAU TSIM MONG DISTRICT / YAU MA TEI	/	YAUMATEI
YAU TSIM MONG	/	YAU TSIM MONG AREA	/	YAU TSIM MONG DISTRICT	/	
YUEN LONG	/	YUEN LONG
YUEN LONG AREA	/	YUEN LONG DISTRICT / YUEN LONG	/	YUEN LONG
NA	/	LOCATION NOT SPECIFIED	/		/	N/A
OTHERS	/	OTHERS	/	OTHERS / OTHERS
OTHERS	/	